{
  "id": "narequenta",
  "title": "Nárëquenta — Tales of the Waning",
  "version": "v0.9.35",
  "description": "A TTRPG about Beautiful Erosion. Heroes start at their peak and gradually fade. Power is a finite resource; Proficiency Compensates for Decline.",
  "url": "https://github.com/cortonemo/narequenta-vtt",
  "license": "LICENSE.md",
  "authors": [
    {
      "name": "Serelith Varn",
      "email": "serelith.varn@gmail.com",
      "url": "https://github.com/cortonemo"
    }
  ],
  "esmodules": ["module/narequenta.js"],
  "styles": ["styles/narequenta.css"],
  "packs": [],
  "languages": [
    {
      "lang": "en",
      "name": "English",
      "path": "lang/en.json"
    },
    {
      "lang": "pt",
      "name": "Português",
      "path": "lang/pt.json"
    }
  ],
  "compatibility": {
    "minimum": "11",
    "verified": "13"
  },
  
  "grid": {
    "distance": 1,
    "units": "m"
  },
  
  "primaryTokenAttribute": "resources.hp",
  "secondaryTokenAttribute": "resources.action_surges",
  "manifest": "https://github.com/cortonemo/narequenta-vtt/releases/latest/download/system.json",
  "download": "https://github.com/cortonemo/narequenta-vtt/releases/latest/download/system.zip"
}