{
  "main": {
    "id": "1b2b4ba5e44f39b0",
    "type": "split",
    "children": [
      {
        "id": "b5069a4d22433fcb",
        "type": "tabs",
        "children": [
          {
            "id": "f55994c571b8cd88",
            "type": "leaf",
            "state": {
              "type": "markdown",
              "state": {
                "file": "README.md",
                "mode": "source",
                "source": false
              },
              "icon": "lucide-file",
              "title": "README"
            }
          },
          {
            "id": "b436f9c581ccdb30",
            "type": "leaf",
            "state": {
              "type": "markdown",
              "state": {
                "file": "CHANGELOG.md",
                "mode": "source",
                "source": false
              },
              "icon": "lucide-file",
              "title": "CHANGELOG"
            }
          }
        ],
        "currentTab": 1
      }
    ],
    "direction": "vertical"
  },
  "left": {
    "id": "dc353c0e2d6ad6dd",
    "type": "split",
    "children": [
      {
        "id": "956811eb06fd197b",
        "type": "tabs",
        "children": [
          {
            "id": "75124cb6002016d9",
            "type": "leaf",
            "state": {
              "type": "file-explorer",
              "state": {
                "sortOrder": "alphabetical",
                "autoReveal": false
              },
              "icon": "lucide-folder-closed",
              "title": "Files"
            }
          },
          {
            "id": "4ffdbce3ff5b3645",
            "type": "leaf",
            "state": {
              "type": "search",
              "state": {
                "query": "",
                "matchingCase": false,
                "explainSearch": false,
                "collapseAll": false,
                "extraContext": false,
                "sortOrder": "alphabetical"
              },
              "icon": "lucide-search",
              "title": "Search"
            }
          },
          {
            "id": "e025843ade3beaee",
            "type": "leaf",
            "state": {
              "type": "bookmarks",
              "state": {},
              "icon": "lucide-bookmark",
              "title": "Bookmarks"
            }
          }
        ]
      }
    ],
    "direction": "horizontal",
    "width": 300
  },
  "right": {
    "id": "c21c82e17148ee2d",
    "type": "split",
    "children": [
      {
        "id": "0755497fc3294698",
        "type": "tabs",
        "children": [
          {
            "id": "2a3c5bebd7b917c5",
            "type": "leaf",
            "state": {
              "type": "backlink",
              "state": {
                "file": "CHANGELOG.md",
                "collapseAll": false,
                "extraContext": false,
                "sortOrder": "alphabetical",
                "showSearch": false,
                "searchQuery": "",
                "backlinkCollapsed": false,
                "unlinkedCollapsed": true
              },
              "icon": "links-coming-in",
              "title": "Backlinks for CHANGELOG"
            }
          },
          {
            "id": "df06f9d9a3404bc5",
            "type": "leaf",
            "state": {
              "type": "outgoing-link",
              "state": {
                "file": "CHANGELOG.md",
                "linksCollapsed": false,
                "unlinkedCollapsed": true
              },
              "icon": "links-going-out",
              "title": "Outgoing links from CHANGELOG"
            }
          },
          {
            "id": "35b415cf0ac7ec31",
            "type": "leaf",
            "state": {
              "type": "tag",
              "state": {
                "sortOrder": "frequency",
                "useHierarchy": true,
                "showSearch": false,
                "searchQuery": ""
              },
              "icon": "lucide-tags",
              "title": "Tags"
            }
          },
          {
            "id": "24cb74e46e55f3aa",
            "type": "leaf",
            "state": {
              "type": "all-properties",
              "state": {
                "sortOrder": "frequency",
                "showSearch": false,
                "searchQuery": ""
              },
              "icon": "lucide-archive",
              "title": "All properties"
            }
          },
          {
            "id": "9035abc4d701913d",
            "type": "leaf",
            "state": {
              "type": "outline",
              "state": {
                "file": "CHANGELOG.md",
                "followCursor": false,
                "showSearch": false,
                "searchQuery": ""
              },
              "icon": "lucide-list",
              "title": "Outline of CHANGELOG"
            }
          }
        ]
      }
    ],
    "direction": "horizontal",
    "width": 300,
    "collapsed": true
  },
  "left-ribbon": {
    "hiddenItems": {
      "switcher:Open quick switcher": false,
      "graph:Open graph view": false,
      "canvas:Create new canvas": false,
      "daily-notes:Open today's daily note": false,
      "templates:Insert template": false,
      "command-palette:Open command palette": false,
      "bases:Create new base": false
    }
  },
  "active": "b436f9c581ccdb30",
  "lastOpenFiles": [
    "system.zip",
    "system.zip.tmp",
    "README.md",
    "CHANGELOG.md",
    "LICENSE.md",
    "header_image.png"
  ]
}